<?xml version="1.0" encoding="UTF-8"?>
<project-private xmlns="http://www.netbeans.org/ns/project-private/1">
    <editor-bookmarks xmlns="http://www.netbeans.org/ns/editor-bookmarks/2" lastBookmarkId="0"/>
    <open-files xmlns="http://www.netbeans.org/ns/projectui-open-files/2">
        <group>
            <file>file:/Users/barbaraalvarez/Documents/UNIMET/TRIMESTRE%203/Algoritmos%20y%20Programación/TAREAS/AlvarezQuiz2/src/alvarezquiz2/AlvarezQuiz2.java</file>
            <file>file:/Users/barbaraalvarez/Documents/UNIMET/TRIMESTRE%203/Algoritmos%20y%20Programación/TAREAS/AlvarezQuiz2/src/alvarezquiz2/Frame.java</file>
        </group>
    </open-files>
</project-private>
